"F","DV","id"
"F1",0.636193991420565,1
"F1",0.841136920477838,2
"F1",0.555375830905999,3
"F1",1.02937513628867,4
"F1",0.937918120906928,5
"F2",0.123009907638463,6
"F2",0.30392576055801,7
"F2",0.659362229986639,8
"F2",0.469368617100789,9
"F2",0.444333484716099,10
